Q (1/A),Intensity in plane (a.u.),Intensity out of plane (a.u.)
0.0012500001490116119,0.0,3.7035112
0.003750000447034836,0.0,2.7495036
0.006250000745058059,2.4281707,7.4070225
0.008750001043081285,2.4912696,5.499007
0.011250001341104508,4.8563414,6.063258
0.013750001639127731,4.982539,6.767278
0.016250001937150954,8.216262,7.40453
0.01875000223517418,6.8292484,7.7377243
0.021250002533197403,7.783728,6.9191933
0.023750002831220626,6.911903,5.960949
0.02625000312924385,6.9165993,7.0968804
0.028750003427267076,4.3927007,6.9983172
0.0312500037252903,6.801206,6.863131
0.033750004023313525,7.8908043,6.1221924
0.03625000432133675,4.976895,7.490565
0.03875000461935997,7.4393725,5.5775037
0.0412500049173832,6.6713457,6.5721083
0.043750005215406416,7.180998,5.9058614
0.04625000551342964,5.236084,6.0619125
0.04875000581145286,4.8254733,6.787708
0.05125000610947609,5.514983,7.3555884
0.053750006407499315,5.037592,7.0309973
0.05625000670552254,5.3730025,5.6707864
0.05875000700354577,5.6064563,5.614682
0.06125000730156899,7.244254,5.9392548
0.0637500075995922,6.3788633,5.9542375
0.06625000789761543,5.4377937,5.6953216
0.06875000819563866,5.2922683,6.2831416
0.07125000849366189,5.2790895,5.6591253
0.07375000879168511,5.495857,6.649146
0.07625000908970833,6.2216716,6.016935
0.07875000938773156,7.428849,6.2183776
0.08125000968575478,5.7991066,6.1749444
0.08375000998377802,4.999,6.0182767
0.08625001028180124,5.7639985,6.3990207
0.08875001057982446,6.5061774,6.414529
0.09125001087784768,6.501151,6.561612
0.0937500111758709,7.0218873,6.3879027
0.09625001147389413,6.787473,5.837136
0.09875001177191735,6.665438,6.4276185
0.10125001206994057,6.0764594,6.4660563
0.10375001236796381,7.618932,5.755679
0.10625001266598703,6.028234,6.3465834
0.10875001296401025,5.2251587,6.099189
0.11125001326203349,6.0186133,6.1657023
0.1137500135600567,6.6528997,5.5229344
0.11625001385807993,5.7041802,6.200139
0.11875001415610315,5.911782,6.7071185
0.12125001445412636,5.8949323,6.8419666
0.1237500147521496,5.9004207,6.228794
0.1262500150501728,5.656314,5.8824725
0.12875001534819605,6.1578116,6.2129416
0.13125001564621927,5.3800564,6.4254436
0.1337500159442425,5.9171395,5.8789024
0.1362500162422657,5.5866327,6.222387
0.13875001654028893,5.1206217,5.8648567
0.14125001683831218,5.659563,6.243931
0.1437500171363354,6.0450544,6.2362065
0.14625001743435861,5.7068653,6.232743
0.14875001773238183,5.768145,5.981353
0.15125001803040505,6.074873,6.4074802
0.15375001832842827,5.359641,6.10211
0.1562500186264515,5.286378,6.2026787
0.1587500189244747,5.2629185,6.208015
0.16125001922249793,5.1144257,6.4220624
0.16375001952052118,5.5966377,6.038458
0.16625001981854437,6.2450323,5.8424006
0.16875002011656762,5.272972,5.908482
0.17125002041459084,5.6409707,5.9806347
0.17375002071261408,5.346299,6.1863465
0.17625002101063728,5.914096,6.171653
0.17875002130866052,5.5740232,6.1155252
0.18125002160668371,5.478987,6.0291576
0.18375002190470696,4.971556,6.3520207
0.18625002220273018,4.982621,6.0485253
0.1887500225007534,5.2582946,5.8832297
0.19125002279877662,5.7180147,5.612901
0.19375002309679984,5.8039627,5.740166
0.19625002339482306,5.8082542,5.9653444
0.1987500236928463,5.624499,5.727087
0.2012500239908695,5.5886784,6.1737876
0.20375002428889274,4.9582734,5.663363
0.206250024586916,5.5569973,5.6742883
0.20875002488493918,5.242538,5.943406
0.21125002518296243,5.0371633,5.7407556
0.21375002548098565,5.381301,5.712421
0.21625002577900887,5.289223,5.659828
0.2187500260770321,5.071485,5.7892356
0.2212500263750553,5.4952626,5.7674375
0.22375002667307853,4.9282284,5.8605504
0.22625002697110178,6.0995483,5.7992606
0.22875002726912497,5.371624,5.516676
0.23125002756714821,5.2076077,5.8224807
0.2337500278651714,4.878345,5.9245553
0.23625002816319465,4.9766126,5.942244
0.23875002846121787,5.3061275,5.912747
0.24125002875924112,5.5220914,5.786869
0.24375002905726434,5.1100197,5.8301616
0.24625002935528756,5.166019,5.92272
0.24875002965331078,5.1702275,5.8731575
0.251250029951334,5.3797517,6.1441045
0.2537500302493572,5.3532796,6.1836767
0.25625003054738044,4.947145,6.1629295
0.2587500308454037,5.298582,6.082819
0.2612500311434269,5.2365284,6.150179
0.26375003144145015,5.0969677,5.9507694
0.2662500317394733,5.228771,5.9932055
0.2687500320374966,4.9904885,5.649355
0.2712500323355198,4.99474,5.3336744
0.27375003263354303,5.0296173,5.6390686
0.27625003293156625,5.217025,5.345907
0.27875003322958947,5.1657667,5.748319
0.2812500335276127,4.969425,5.6326237
0.2837500338256359,4.8862367,5.581217
0.2862500341236591,5.577082,5.8133464
0.28875003442168234,5.08724,5.748475
0.2912500347197056,4.8361406,5.463374
0.2937500350177288,4.581401,5.2675643
0.29625003531575206,4.6675334,5.721868
0.2987500356137752,5.166283,5.6555915
0.3012500359117985,5.2786193,5.5597286
0.3037500362098217,4.9839425,5.470101
0.30625003650784494,5.0368824,5.4281945
0.30875003680586816,5.1081533,5.604926
0.3112500371038914,4.821998,5.7580605
0.31375003740191465,4.812081,5.503764
0.3162500376999378,4.341444,5.527035
0.3187500379979611,4.625865,5.487249
0.3212500382959843,4.6477056,5.461481
0.3237500385940075,4.381832,5.817149
0.3262500388920308,5.112985,5.787422
0.32875003919005397,4.8388977,5.6435437
0.3312500394880772,4.932013,5.2265935
0.3337500397861004,4.781603,5.60788
0.3362500400841237,5.253236,5.600177
0.3387500403821469,4.655264,5.7283044
0.34125004068017006,4.787205,5.3306127
0.3437500409781933,5.5559793,5.6035705
0.34625004127621656,5.217464,5.448403
0.3487500415742398,4.6971874,5.5193653
0.351250041872263,4.911955,5.468764
0.35375004217028616,4.607895,5.594649
0.3562500424683095,4.844049,5.4708486
0.35875004276633266,4.84599,5.490426
0.3612500430643559,4.356725,5.499578
0.36375004336237915,4.912798,5.161782
0.36625004366040237,4.8013372,5.3104615
0.3687500439584256,4.710221,5.565141
0.37125004425644875,4.0155077,5.6325936
0.373750044554472,4.8498726,5.6249866
0.37625004485249525,4.2619147,5.2420497
0.37875004515051847,4.7307973,5.2880816
0.3812500454485417,4.603229,5.250084
0.3837500457465649,4.551318,5.335374
0.3862500460445881,4.529558,5.0824943
0.38875004634261134,4.843581,5.264269
0.39125004664063456,4.184522,5.4386225
0.39375004693865784,4.7354875,5.262905
0.396250047236681,4.4512978,5.342906
0.3987500475347042,4.6352634,5.481287
0.40125004783272744,5.3736157,5.596801
0.4037500481307507,4.5453653,5.657789
0.40625004842877394,4.8859777,5.3892407
0.4087500487267971,4.662349,5.3300595
0.41125004902482043,4.810587,5.6989493
0.4137500493228436,4.653629,5.5287814
0.4162500496208668,4.8672924,5.567642
0.41875004991889003,4.775509,5.272737
0.4212500502169133,4.7938156,5.35853
0.4237500505149365,4.7776213,5.3662577
0.4262500508129597,4.6933117,5.5456
0.4287500511109829,4.4982376,5.317089
0.4312500514090062,4.675168,5.204192
0.4337500517070294,4.690889,5.089465
0.4362500520050526,4.606781,4.9280477
0.4387500523030758,4.185759,5.1220655
0.44125005260109906,4.0804057,5.1521177
0.4437500528991223,4.2080564,4.9921594
0.4462500531971455,4.6774273,5.313182
0.4487500534951688,4.724611,5.2518153
0.45125005379319194,4.5064855,4.8996973
0.45375005409121516,4.4480453,5.199245
0.4562500543892384,4.394461,5.067531
0.45875005468726165,4.785452,5.426229
0.4612500549852849,4.1434865,5.5795455
0.46375005528330804,3.9073048,5.46457
0.46625005558133126,4.4092097,5.3824673
0.46875005587935453,4.2794743,5.5869417
0.47125005617737775,4.172997,5.1920605
0.47375005647540097,4.3413353,5.0088224
0.47625005677342414,4.6583433,4.7949915
0.47875005707144747,4.1958623,5.30651
0.48125005736947063,3.9905875,5.2665815
0.48375005766749385,4.2314734,5.2709193
0.4862500579655171,4.2588587,5.3384085
0.48875005826354034,4.207473,5.122033
0.49125005856156356,4.0950165,5.530354
0.4937500588595867,4.2981815,5.1814647
0.49625005915761,4.17253,4.9912148
0.4987500594556332,3.8290417,4.9449887
0.5012500597536564,4.0643935,4.8816514
0.5037500600516797,4.1807823,4.9998507
0.5062500603497029,4.2815857,5.0818496
0.5087500606477261,4.1057987,4.9196
0.5112500609457493,4.0284233,4.5733814
0.5137500612437725,3.9445472,5.276036
0.5162500615417958,4.13346,2.2866907
0.518750061839819,4.0983768,2.638018
0.5212500621378422,4.068212,0.0
0.5237500624358655,4.1901093,0.0
0.5262500627338886,4.2129464,0.0
0.5287500630319119,4.1382694,0.0
0.5312500633299351,4.0071707,0.0
0.5337500636279584,3.8810964,0.0
0.5362500639259816,4.272773,0.0
0.5387500642240048,4.035846,0.0
0.541250064522028,4.1391015,0.0
0.5437500648200513,3.7721438,0.0
0.5462500651180745,4.0555468,0.0
0.5487500654160977,4.0733457,0.0
0.5512500657141208,3.8264863,0.0
0.5537500660121442,4.2195716,0.0
0.5562500663101674,3.9906957,0.0
0.5587500666081906,4.0558977,0.0
0.5612500669062138,3.9253318,0.0
0.563750067204237,3.5935977,0.0
0.5662500675022603,3.9321008,0.0
0.5687500678002835,4.011459,0.0
0.5712500680983067,3.440153,0.0
0.5737500683963299,3.966712,0.0
0.5762500686943531,3.953958,0.0
0.5787500689923764,3.7587423,0.0
0.5812500692903997,3.916397,0.0
0.5837500695884228,3.9173672,0.0
0.586250069886446,3.5197155,0.0
0.5887500701844692,3.7039742,0.0
0.5912500704824926,3.5682125,0.0
0.5937500707805157,4.030566,0.0
0.5962500710785389,3.9689493,0.0
0.5987500713765621,3.947809,0.0
0.6012500716745854,3.766687,0.0
0.6037500719726087,3.8810318,0.0
0.6062500722706319,3.9487102,0.0
0.6087500725686551,3.691589,0.0
0.6112500728666783,3.5436628,0.0
0.6137500731647015,4.1624856,0.0
0.6162500734627248,3.9611442,0.0
0.618750073760748,3.6507342,0.0
0.6212500740587712,4.2023897,0.0
0.6237500743567944,3.96115,0.0
0.6262500746548176,3.601327,0.0
0.6287500749528409,3.7263212,0.0
0.6312500752508641,3.6309788,0.0
0.6337500755488873,3.692317,0.0
0.6362500758469105,3.6839747,0.0
0.6387500761449337,3.9780304,0.0
0.641250076442957,3.789261,0.0
0.6437500767409803,3.7235816,0.0
0.6462500770390034,3.8304377,0.0
0.6487500773370267,3.459792,0.0
0.6512500776350499,3.4276881,0.0
0.653750077933073,3.5845466,0.0
0.6562500782310964,3.5860217,0.0
0.6587500785291195,3.4827502,0.0
0.6612500788271427,3.7328303,0.0
0.663750079125166,3.608101,0.0
0.6662500794231891,3.954959,0.0
0.6687500797212125,3.8332932,0.0
0.6712500800192357,3.6341903,0.0
0.6737500803172589,3.7367625,0.0
0.6762500806152821,3.5861652,0.0
0.6787500809133052,3.300019,0.0
0.6812500812113286,3.8366601,0.0
0.6837500815093518,3.772037,0.0
0.6862500818073749,3.777586,0.0
0.6887500821053982,3.3917015,0.0
0.6912500824034216,3.807844,0.0
0.6937500827014447,3.4669454,0.0
0.6962500829994679,3.4766815,0.0
0.6987500832974912,3.556663,0.0
0.7012500835955143,3.6336455,0.0
0.7037500838935375,3.6198502,0.0
0.7062500841915608,3.3155549,0.0
0.708750084489584,3.3224146,0.0
0.7112500847876073,3.5664062,0.0
0.7137500850856304,3.6098258,0.0
0.7162500853836538,3.5772827,0.0
0.718750085681677,3.2641945,0.0
0.7212500859797001,3.441625,0.0
0.7237500862777234,3.3488498,0.0
0.7262500865757466,3.5194144,0.0
0.7287500868737697,3.4394817,0.0
0.7312500871717931,3.4778166,0.0
0.7337500874698162,3.4834132,0.0
0.7362500877678395,3.5764925,0.0
0.7387500880658627,3.5054746,0.0
0.741250088363886,3.4974275,0.0
0.7437500886619092,3.5300665,0.0
0.7462500889599324,3.0703452,0.0
0.7487500892579556,3.2686481,0.0
0.7512500895559788,3.4903662,0.0
0.7537500898540019,3.636317,0.0
0.7562500901520253,3.2286937,0.0
0.7587500904500486,3.3180532,0.0
0.7612500907480717,3.2162895,0.0
0.7637500910460949,3.380349,0.0
0.7662500913441183,3.2753704,0.0
0.7687500916421414,3.3723376,0.0
0.7712500919401646,3.213963,0.0
0.7737500922381879,3.2841825,0.0
0.776250092536211,3.0807996,0.0
0.7787500928342344,3.2022314,0.0
0.7812500931322575,3.1835132,0.0
0.7837500934302808,3.1109724,0.0
0.786250093728304,3.1734335,0.0
0.7887500940263271,3.1244175,0.0
0.7912500943243505,3.5374653,0.0
0.7937500946223737,3.1579006,0.0
0.7962500949203968,3.2423215,0.0
0.7987500952184201,3.2551844,0.0
0.8012500955164432,3.028997,0.0
0.8037500958144665,2.9966214,0.0
0.8062500961124898,3.119409,0.0
0.808750096410513,3.0809395,0.0
0.8112500967085362,3.3306668,0.0
0.8137500970065594,3.2251868,0.0
0.8162500973045826,3.3854985,0.0
0.8187500976026059,3.1862185,0.0
0.8212500979006292,3.1764436,0.0
0.8237500981986523,3.3259757,0.0
0.8262500984966756,3.0629277,0.0
0.8287500987946987,3.049287,0.0
0.831250099092722,3.0907438,0.0
0.8337500993907453,3.3935447,0.0
0.8362500996887684,3.3065383,0.0
0.8387500999867916,3.151031,0.0
0.841250100284815,3.4604707,0.0
0.8437501005828381,3.3050082,0.0
0.8462501008808614,3.4408,0.0
0.8487501011788846,3.139598,0.0
0.8512501014769078,3.112015,0.0
0.853750101774931,3.000784,0.0
0.8562501020729542,2.9045744,0.0
0.8587501023709775,2.8836513,0.0
0.8612501026690007,3.0451057,0.0
0.8637501029670238,3.0224147,0.0
0.8662501032650471,2.964558,0.0
0.8687501035630705,2.9849732,0.0
0.8712501038610936,3.1057994,0.0
0.8737501041591168,2.980091,0.0
0.87625010445714,3.044096,0.0
0.8787501047551632,3.2383611,0.0
0.8812501050531865,3.1335003,0.0
0.8837501053512097,3.0345619,0.0
0.8862501056492329,3.0626254,0.0
0.8887501059472562,2.9955733,0.0
0.8912501062452793,2.9124236,0.0
0.8937501065433027,3.1475167,0.0
0.8962501068413259,3.384219,0.0
0.898750107139349,2.9465673,0.0
0.9012501074373723,3.0939262,0.0
0.9037501077353954,3.0227182,0.0
0.9062501080334187,2.775747,0.0
0.908750108331442,2.9395454,0.0
0.9112501086294651,2.8562071,0.0
0.9137501089274884,1.4697727,0.0
0.9162501092255116,1.4281036,0.0
0.9187501095235349,0.0,0.0
0.9212501098215581,0.0,0.0
0.9237501101195813,0.0,0.0
0.9262501104176045,0.0,0.0
0.9287501107156277,0.0,0.0
0.9312501110136508,0.0,0.0
0.9337501113116742,0.0,0.0
0.9362501116096975,0.0,0.0
0.9387501119077206,0.0,0.0
0.9412501122057438,0.0,0.0
0.9437501125037672,0.0,0.0
0.9462501128017903,0.0,0.0
0.9487501130998135,0.0,0.0
0.9512501133978367,0.0,0.0
0.9537501136958599,0.0,0.0
0.9562501139938833,0.0,0.0
0.9587501142919064,0.0,0.0
0.9612501145899297,0.0,0.0
0.9637501148879529,0.0,0.0
0.966250115185976,0.0,0.0
0.9687501154839994,0.0,0.0
0.9712501157820226,0.0,0.0
0.9737501160800457,0.0,0.0
0.976250116378069,0.0,0.0
0.9787501166760921,0.0,0.0
0.9812501169741155,0.0,0.0
0.9837501172721387,0.0,0.0
0.9862501175701619,0.0,0.0
0.9887501178681851,0.0,0.0
0.9912501181662083,0.0,0.0
0.9937501184642316,0.0,0.0
0.9962501187622548,0.0,0.0
0.9987501190602779,0.0,0.0
1.0012501193583012,0.0,0.0
1.0037501196563245,0.0,0.0
1.0062501199543477,0.0,0.0
1.008750120252371,0.0,0.0
1.011250120550394,0.0,0.0
1.0137501208484174,0.0,0.0
1.0162501211464405,0.0,0.0
1.0187501214444639,0.0,0.0
1.021250121742487,0.0,0.0
1.0237501220405103,0.0,0.0
1.0262501223385334,0.0,0.0
1.0287501226365567,0.0,0.0
1.0312501229345798,0.0,0.0
1.0337501232326032,0.0,0.0
1.0362501235306263,0.0,0.0
1.0387501238286496,0.0,0.0
1.0412501241266727,0.0,0.0
1.043750124424696,0.0,0.0
1.0462501247227194,0.0,0.0
1.0487501250207425,0.0,0.0
1.0512501253187658,0.0,0.0
1.053750125616789,0.0,0.0
1.0562501259148123,0.0,0.0
1.0587501262128354,0.0,0.0
1.0612501265108585,0.0,0.0
1.0637501268088818,0.0,0.0
1.0662501271069051,0.0,0.0
1.0687501274049283,0.0,0.0
1.0712501277029516,0.0,0.0
1.0737501280009747,0.0,0.0
1.076250128298998,0.0,0.0
1.0787501285970211,0.0,0.0
1.0812501288950442,0.0,0.0
1.0837501291930676,0.0,0.0
1.086250129491091,0.0,0.0
1.088750129789114,0.0,0.0
1.0912501300871373,0.0,0.0
1.0937501303851607,0.0,0.0
1.0962501306831838,0.0,0.0
1.098750130981207,0.0,0.0
1.1012501312792302,0.0,0.0
1.1037501315772533,0.0,0.0
1.1062501318752767,0.0,0.0
1.1087501321732998,0.0,0.0
1.111250132471323,0.0,0.0
1.1137501327693464,0.0,0.0
1.1162501330673695,0.0,0.0
1.1187501333653929,0.0,0.0
1.121250133663416,0.0,0.0
1.123750133961439,0.0,0.0
1.1262501342594624,0.0,0.0
1.1287501345574855,0.0,0.0
1.1312501348555088,0.0,0.0
1.1337501351535322,0.0,0.0
1.1362501354515553,0.0,0.0
1.1387501357495786,0.0,0.0
1.141250136047602,0.0,0.0
1.143750136345625,0.0,0.0
1.1462501366436482,0.0,0.0
1.1487501369416715,0.0,0.0
1.1512501372396946,0.0,0.0
1.153750137537718,0.0,0.0
1.156250137835741,0.0,0.0
1.1587501381337644,0.0,0.0
1.1612501384317877,0.0,0.0
1.1637501387298108,0.0,0.0
1.166250139027834,0.0,0.0
1.1687501393258573,0.0,0.0
1.1712501396238804,0.0,0.0
1.1737501399219037,0.0,0.0
1.1762501402199268,0.0,0.0
1.1787501405179501,0.0,0.0
1.1812501408159735,0.0,0.0
1.1837501411139966,0.0,0.0
1.18625014141202,0.0,0.0
1.188750141710043,0.0,0.0
1.1912501420080663,0.0,0.0
1.1937501423060894,0.0,0.0
1.1962501426041126,0.0,0.0
1.1987501429021359,0.0,0.0
1.2012501432001592,0.0,0.0
1.2037501434981823,0.0,0.0
1.2062501437962057,0.0,0.0
1.2087501440942288,0.0,0.0
1.211250144392252,0.0,0.0
1.2137501446902752,0.0,0.0
1.2162501449882985,0.0,0.0
1.2187501452863216,0.0,0.0
1.221250145584345,0.0,0.0
1.223750145882368,0.0,0.0
1.2262501461803914,0.0,0.0
1.2287501464784147,0.0,0.0
1.2312501467764378,0.0,0.0
1.2337501470744612,0.0,0.0
1.2362501473724843,0.0,0.0
1.2387501476705074,0.0,0.0
1.2412501479685307,0.0,0.0
1.243750148266554,0.0,0.0
1.2462501485645772,0.0,0.0
1.2487501488626005,0.0,0.0
1.2512501491606234,0.0,0.0
1.2537501494586467,0.0,0.0
1.25625014975667,0.0,0.0
1.2587501500546932,0.0,0.0
1.2612501503527163,0.0,0.0
1.2637501506507396,0.0,0.0
1.2662501509487627,0.0,0.0
1.268750151246786,0.0,0.0
1.2712501515448094,0.0,0.0
1.2737501518428327,0.0,0.0
1.2762501521408556,0.0,0.0
1.278750152438879,0.0,0.0
1.2812501527369022,0.0,0.0
1.2837501530349256,0.0,0.0
1.2862501533329487,0.0,0.0
1.2887501536309718,0.0,0.0
1.2912501539289951,0.0,0.0
1.2937501542270182,0.0,0.0
1.2962501545250416,0.0,0.0
1.2987501548230649,0.0,0.0
1.301250155121088,0.0,0.0
1.303750155419111,0.0,0.0
1.3062501557171344,0.0,0.0
1.3087501560151575,0.0,0.0
1.3112501563131809,0.0,0.0
1.3137501566112042,0.0,0.0
1.316250156909227,0.0,0.0
1.3187501572072504,0.0,0.0
1.3212501575052737,0.0,0.0
1.323750157803297,0.0,0.0
1.3262501581013204,0.0,0.0
1.3287501583993435,0.0,0.0
1.3312501586973666,0.0,0.0
1.33375015899539,0.0,0.0
1.336250159293413,0.0,0.0
1.3387501595914364,0.0,0.0
1.3412501598894597,0.0,0.0
1.3437501601874826,0.0,0.0
1.346250160485506,0.0,0.0
1.3487501607835293,0.0,0.0
1.3512501610815524,0.0,0.0
1.3537501613795757,0.0,0.0
1.3562501616775988,0.0,0.0
1.358750161975622,0.0,0.0
1.3612501622736453,0.0,0.0
1.3637501625716686,0.0,0.0
1.366250162869692,0.0,0.0
1.3687501631677153,0.0,0.0
1.3712501634657381,0.0,0.0
1.3737501637637615,0.0,0.0
1.3762501640617848,0.0,0.0
1.378750164359808,0.0,0.0
1.3812501646578312,0.0,0.0
1.3837501649558543,0.0,0.0
1.3862501652538775,0.0,0.0
1.3887501655519008,0.0,0.0
1.3912501658499241,0.0,0.0
1.3937501661479472,0.0,0.0
1.3962501664459706,0.0,0.0
1.3987501667439937,0.0,0.0
1.4012501670420168,0.0,0.0
1.40375016734004,0.0,0.0
1.4062501676380634,0.0,0.0
1.4087501679360868,0.0,0.0
1.4112501682341096,0.0,0.0
1.413750168532133,0.0,0.0
1.4162501688301563,0.0,0.0
1.4187501691281796,0.0,0.0
1.4212501694262027,0.0,0.0
1.423750169724226,0.0,0.0
1.4262501700222492,0.0,0.0
1.4287501703202723,0.0,0.0
1.4312501706182956,0.0,0.0
1.433750170916319,0.0,0.0
1.436250171214342,0.0,0.0
1.4387501715123652,0.0,0.0
1.4412501718103885,0.0,0.0
1.4437501721084116,0.0,0.0
1.446250172406435,0.0,0.0
1.4487501727044583,0.0,0.0
1.4512501730024816,0.0,0.0
1.4537501733005045,0.0,0.0
1.4562501735985278,0.0,0.0
1.4587501738965511,0.0,0.0
1.4612501741945745,0.0,0.0
1.4637501744925976,0.0,0.0
1.4662501747906207,0.0,0.0
1.468750175088644,0.0,0.0
1.4712501753866671,0.0,0.0
1.4737501756846905,0.0,0.0
1.4762501759827138,0.0,0.0
1.4787501762807367,0.0,0.0
1.48125017657876,0.0,0.0
1.4837501768767833,0.0,0.0
1.4862501771748065,0.0,0.0
1.4887501774728298,0.0,0.0
1.4912501777708531,0.0,0.0
1.493750178068876,0.0,0.0
1.4962501783668993,0.0,0.0
1.4987501786649227,0.0,0.0
1.501250178962946,0.0,0.0
1.5037501792609693,0.0,0.0
1.5062501795589922,0.0,0.0
1.5087501798570155,0.0,0.0
1.5112501801550389,0.0,0.0
1.513750180453062,0.0,0.0
1.5162501807510853,0.0,0.0
1.5187501810491086,0.0,0.0
1.5212501813471315,0.0,0.0
1.5237501816451549,0.0,0.0
1.5262501819431782,0.0,0.0
1.5287501822412013,0.0,0.0
1.5312501825392246,0.0,0.0
1.5337501828372477,0.0,0.0
1.5362501831352708,0.0,0.0
1.5387501834332942,0.0,0.0
1.5412501837313175,0.0,0.0
1.5437501840293408,0.0,0.0
1.5462501843273642,0.0,0.0
1.548750184625387,0.0,0.0
1.5512501849234104,0.0,0.0
1.5537501852214337,0.0,0.0
1.5562501855194568,0.0,0.0
1.5587501858174801,0.0,0.0
1.5612501861155033,0.0,0.0
1.5637501864135264,0.0,0.0
1.5662501867115497,0.0,0.0
1.568750187009573,0.0,0.0
1.5712501873075961,0.0,0.0
1.5737501876056195,0.0,0.0
1.5762501879036426,0.0,0.0
1.5787501882016657,0.0,0.0
1.581250188499689,0.0,0.0
1.5837501887977123,0.0,0.0
1.5862501890957357,0.0,0.0
1.5887501893937586,0.0,0.0
1.591250189691782,0.0,0.0
1.5937501899898052,0.0,0.0
1.5962501902878286,0.0,0.0
1.5987501905858517,0.0,0.0
1.6012501908838748,0.0,0.0
1.603750191181898,0.0,0.0
1.6062501914799212,0.0,0.0
1.6087501917779445,0.0,0.0
1.6112501920759679,0.0,0.0
1.613750192373991,0.0,0.0
1.616250192672014,0.0,0.0
1.6187501929700374,0.0,0.0
1.6212501932680605,0.0,0.0
1.6237501935660839,0.0,0.0
1.6262501938641072,0.0,0.0
1.62875019416213,0.0,0.0
1.6312501944601534,0.0,0.0
1.6337501947581767,0.0,0.0
1.6362501950562,0.0,0.0
1.6387501953542234,0.0,0.0
1.6412501956522465,0.0,0.0
1.6437501959502696,0.0,0.0
1.646250196248293,0.0,0.0
1.648750196546316,0.0,0.0
1.6512501968443394,0.0,0.0
1.6537501971423627,0.0,0.0
1.6562501974403856,0.0,0.0
1.658750197738409,0.0,0.0
1.6612501980364323,0.0,0.0
1.6637501983344554,0.0,0.0
1.6662501986324787,0.0,0.0
1.668750198930502,0.0,0.0
1.671250199228525,0.0,0.0
1.6737501995265482,0.0,0.0
1.6762501998245716,0.0,0.0
1.678750200122595,0.0,0.0
1.6812502004206182,0.0,0.0
1.6837502007186411,0.0,0.0
1.6862502010166645,0.0,0.0
1.6887502013146878,0.0,0.0
1.691250201612711,0.0,0.0
1.6937502019107342,0.0,0.0
1.6962502022087576,0.0,0.0
1.6987502025067804,0.0,0.0
1.7012502028048038,0.0,0.0
1.703750203102827,0.0,0.0
1.7062502034008502,0.0,0.0
1.7087502036988735,0.0,0.0
1.7112502039968966,0.0,0.0
1.7137502042949198,0.0,0.0
1.716250204592943,0.0,0.0
1.7187502048909664,0.0,0.0
1.7212502051889897,0.0,0.0
1.723750205487013,0.0,0.0
1.726250205785036,0.0,0.0
1.7287502060830593,0.0,0.0
1.7312502063810826,0.0,0.0
1.7337502066791057,0.0,0.0
1.736250206977129,0.0,0.0
1.7387502072751522,0.0,0.0
1.7412502075731753,0.0,0.0
1.7437502078711986,0.0,0.0
1.746250208169222,0.0,0.0
1.748750208467245,0.0,0.0
1.7512502087652682,0.0,0.0
1.7537502090632915,0.0,0.0
1.7562502093613146,0.0,0.0
1.758750209659338,0.0,0.0
1.7612502099573613,0.0,0.0
1.7637502102553846,0.0,0.0
1.7662502105534075,0.0,0.0
1.7687502108514308,0.0,0.0
1.7712502111494541,0.0,0.0
1.7737502114474775,0.0,0.0
1.7762502117455006,0.0,0.0
1.7787502120435237,0.0,0.0
1.781250212341547,0.0,0.0
1.7837502126395701,0.0,0.0
1.7862502129375935,0.0,0.0
1.7887502132356168,0.0,0.0
1.79125021353364,0.0,0.0
1.793750213831663,0.0,0.0
1.7962502141296863,0.0,0.0
1.7987502144277094,0.0,0.0
1.8012502147257328,0.0,0.0
1.803750215023756,0.0,0.0
1.806250215321779,0.0,0.0
1.8087502156198023,0.0,0.0
1.8112502159178256,0.0,0.0
1.813750216215849,0.0,0.0
1.8162502165138723,0.0,0.0
1.8187502168118954,0.0,0.0
1.8212502171099185,0.0,0.0
1.8237502174079419,0.0,0.0
1.826250217705965,0.0,0.0
1.8287502180039883,0.0,0.0
1.8312502183020116,0.0,0.0
1.8337502186000345,0.0,0.0
1.8362502188980578,0.0,0.0
1.8387502191960812,0.0,0.0
1.8412502194941043,0.0,0.0
1.8437502197921276,0.0,0.0
1.846250220090151,0.0,0.0
1.8487502203881738,0.0,0.0
1.8512502206861972,0.0,0.0
1.8537502209842205,0.0,0.0
1.8562502212822438,0.0,0.0
1.8587502215802671,0.0,0.0
1.86125022187829,0.0,0.0
1.8637502221763134,0.0,0.0
1.8662502224743367,0.0,0.0
1.8687502227723598,0.0,0.0
1.8712502230703831,0.0,0.0
1.8737502233684062,0.0,0.0
1.8762502236664294,0.0,0.0
1.8787502239644527,0.0,0.0
1.881250224262476,0.0,0.0
1.8837502245604991,0.0,0.0
1.8862502248585225,0.0,0.0
1.8887502251565456,0.0,0.0
1.8912502254545687,0.0,0.0
1.893750225752592,0.0,0.0
1.8962502260506153,0.0,0.0
1.8987502263486387,0.0,0.0
1.9012502266466615,0.0,0.0
1.9037502269446849,0.0,0.0
1.9062502272427082,0.0,0.0
1.9087502275407315,0.0,0.0
1.9112502278387546,0.0,0.0
1.913750228136778,0.0,0.0
1.916250228434801,0.0,0.0
1.9187502287328242,0.0,0.0
1.9212502290308475,0.0,0.0
1.9237502293288709,0.0,0.0
1.926250229626894,0.0,0.0
1.928750229924917,0.0,0.0
1.9312502302229404,0.0,0.0
1.9337502305209635,0.0,0.0
1.9362502308189868,0.0,0.0
1.9387502311170102,0.0,0.0
1.9412502314150335,0.0,0.0
1.9437502317130564,0.0,0.0
1.9462502320110797,0.0,0.0
1.948750232309103,0.0,0.0
1.9512502326071264,0.0,0.0
1.9537502329051495,0.0,0.0
1.9562502332031726,0.0,0.0
1.958750233501196,0.0,0.0
1.961250233799219,0.0,0.0
1.9637502340972424,0.0,0.0
1.9662502343952657,0.0,0.0
1.9687502346932888,0.0,0.0
1.971250234991312,0.0,0.0
1.9737502352893352,0.0,0.0
1.9762502355873584,0.0,0.0
1.9787502358853817,0.0,0.0
1.981250236183405,0.0,0.0
1.983750236481428,0.0,0.0
1.9862502367794512,0.0,0.0
1.9887502370774746,0.0,0.0
1.991250237375498,0.0,0.0
1.9937502376735212,0.0,0.0
1.996250237971544,0.0,0.0
1.9987502382695674,0.0,0.0
2.0012502385675908,0.0,0.0
2.003750238865614,0.0,0.0
2.006250239163637,0.0,0.0
2.0087502394616603,0.0,0.0
2.0112502397596836,0.0,0.0
2.013750240057707,0.0,0.0
2.01625024035573,0.0,0.0
2.018750240653753,0.0,0.0
2.0212502409517765,0.0,0.0
2.0237502412497994,0.0,0.0
2.0262502415478227,0.0,0.0
2.028750241845846,0.0,0.0
2.0312502421438694,0.0,0.0
2.0337502424418927,0.0,0.0
2.036250242739916,0.0,0.0
2.038750243037939,0.0,0.0
2.0412502433359623,0.0,0.0
2.0437502436339856,0.0,0.0
2.046250243932009,0.0,0.0
2.048750244230032,0.0,0.0
2.051250244528055,0.0,0.0
2.0537502448260785,0.0,0.0
2.056250245124102,0.0,0.0
2.0587502454221247,0.0,0.0
2.061250245720148,0.0,0.0
2.0637502460181714,0.0,0.0
2.0662502463161943,0.0,0.0
2.0687502466142176,0.0,0.0
2.071250246912241,0.0,0.0
2.0737502472102642,0.0,0.0
2.0762502475082876,0.0,0.0
2.0787502478063105,0.0,0.0
2.081250248104334,0.0,0.0
2.083750248402357,0.0,0.0
2.0862502487003804,0.0,0.0
2.088750248998404,0.0,0.0
2.0912502492964267,0.0,0.0
2.09375024959445,0.0,0.0
2.0962502498924733,0.0,0.0
2.0987502501904967,0.0,0.0
2.1012502504885195,0.0,0.0
2.103750250786543,0.0,0.0
2.1062502510845658,0.0,0.0
2.108750251382589,0.0,0.0
2.1112502516806124,0.0,0.0
2.1137502519786358,0.0,0.0
2.116250252276659,0.0,0.0
2.118750252574682,0.0,0.0
2.1212502528727053,0.0,0.0
2.1237502531707286,0.0,0.0
2.126250253468752,0.0,0.0
2.1287502537667753,0.0,0.0
2.1312502540647986,0.0,0.0
2.1337502543628215,0.0,0.0
2.136250254660845,0.0,0.0
2.138750254958868,0.0,0.0
2.1412502552568915,0.0,0.0
2.1437502555549144,0.0,0.0
2.1462502558529377,0.0,0.0
2.1487502561509606,0.0,0.0
2.151250256448984,0.0,0.0
2.1537502567470073,0.0,0.0
2.1562502570450306,0.0,0.0
2.158750257343054,0.0,0.0
2.161250257641077,0.0,0.0
2.1637502579391,0.0,0.0
2.1662502582371235,0.0,0.0
2.168750258535147,0.0,0.0
2.17125025883317,0.0,0.0
2.173750259131193,0.0,0.0
2.1762502594292163,0.0,0.0
2.1787502597272397,0.0,0.0
2.181250260025263,0.0,0.0
2.1837502603232863,0.0,0.0
2.1862502606213092,0.0,0.0
2.1887502609193326,0.0,0.0
2.1912502612173554,0.0,0.0
2.1937502615153788,0.0,0.0
2.196250261813402,0.0,0.0
2.1987502621114254,0.0,0.0
2.2012502624094483,0.0,0.0
2.2037502627074717,0.0,0.0
2.206250263005495,0.0,0.0
2.2087502633035183,0.0,0.0
2.2112502636015416,0.0,0.0
2.213750263899565,0.0,0.0
2.216250264197588,0.0,0.0
2.218750264495611,0.0,0.0
2.2212502647936345,0.0,0.0
2.223750265091658,0.0,0.0
2.226250265389681,0.0,0.0
2.228750265687704,0.0,0.0
2.2312502659857274,0.0,0.0
2.2337502662837503,0.0,0.0
2.2362502665817736,0.0,0.0
2.238750266879797,0.0,0.0
2.2412502671778203,0.0,0.0
2.243750267475843,0.0,0.0
2.2462502677738665,0.0,0.0
2.24875026807189,0.0,0.0
2.251250268369913,0.0,0.0
2.2537502686679365,0.0,0.0
2.2562502689659594,0.0,0.0
2.2587502692639827,0.0,0.0
2.261250269562006,0.0,0.0
2.2637502698600294,0.0,0.0
2.2662502701580527,0.0,0.0
2.2687502704560756,0.0,0.0
2.271250270754099,0.0,0.0
2.2737502710521222,0.0,0.0
2.276250271350145,0.0,0.0
2.2787502716481685,0.0,0.0
2.281250271946192,0.0,0.0
2.283750272244215,0.0,0.0
2.286250272542238,0.0,0.0
2.2887502728402613,0.0,0.0
2.2912502731382847,0.0,0.0
2.293750273436308,0.0,0.0
2.296250273734331,0.0,0.0
2.298750274032354,0.0,0.0
2.3012502743303775,0.0,0.0
2.303750274628401,0.0,0.0
2.306250274926424,0.0,0.0
2.3087502752244475,0.0,0.0
2.3112502755224704,0.0,0.0
2.3137502758204938,0.0,0.0
2.316250276118517,0.0,0.0
2.31875027641654,0.0,0.0
2.3212502767145633,0.0,0.0
2.3237502770125866,0.0,0.0
2.32625027731061,0.0,0.0
2.328750277608633,0.0,0.0
2.331250277906656,0.0,0.0
2.3337502782046795,0.0,0.0
2.336250278502703,0.0,0.0
2.3387502788007257,0.0,0.0
2.341250279098749,0.0,0.0
2.3437502793967724,0.0,0.0
2.3462502796947957,0.0,0.0
2.348750279992819,0.0,0.0
2.351250280290842,0.0,0.0
2.3537502805888653,0.0,0.0
2.3562502808868886,0.0,0.0
2.358750281184912,0.0,0.0
2.361250281482935,0.0,0.0
2.363750281780958,0.0,0.0
2.3662502820789815,0.0,0.0
2.368750282377005,0.0,0.0
2.3712502826750277,0.0,0.0
2.373750282973051,0.0,0.0
2.3762502832710743,0.0,0.0
2.3787502835690972,0.0,0.0
2.3812502838671206,0.0,0.0
2.383750284165144,0.0,0.0
2.3862502844631672,0.0,0.0
2.3887502847611906,0.0,0.0
2.3912502850592134,0.0,0.0
2.3937502853572368,0.0,0.0
2.39625028565526,0.0,0.0
2.3987502859532834,0.0,0.0
2.4012502862513068,0.0,0.0
2.4037502865493297,0.0,0.0
2.406250286847353,0.0,0.0
2.4087502871453763,0.0,0.0
2.4112502874433996,0.0,0.0
2.4137502877414225,0.0,0.0
2.416250288039446,0.0,0.0
2.4187502883374687,0.0,0.0
2.421250288635492,0.0,0.0
2.4237502889335154,0.0,0.0
2.4262502892315387,0.0,0.0
2.428750289529562,0.0,0.0
2.4312502898275854,0.0,0.0
2.4337502901256083,0.0,0.0
2.4362502904236316,0.0,0.0
2.438750290721655,0.0,0.0
2.4412502910196783,0.0,0.0
2.4437502913177016,0.0,0.0
2.4462502916157245,0.0,0.0
2.448750291913748,0.0,0.0
2.451250292211771,0.0,0.0
2.4537502925097945,0.0,0.0
2.4562502928078174,0.0,0.0
2.4587502931058407,0.0,0.0
2.4612502934038636,0.0,0.0
2.463750293701887,0.0,0.0
2.4662502939999102,0.0,0.0
2.4687502942979336,0.0,0.0
2.471250294595957,0.0,0.0
2.47375029489398,0.0,0.0
2.476250295192003,0.0,0.0
2.4787502954900265,0.0,0.0
2.48125029578805,0.0,0.0
2.483750296086073,0.0,0.0
2.4862502963840964,0.0,0.0
2.4887502966821193,0.0,0.0
2.4912502969801427,0.0,0.0
2.493750297278166,0.0,0.0
2.4962502975761893,0.0,0.0
2.498750297874212,0.0,0.0
